Workbook

Sheet 타임라인
A1: OTP 일괄교체 타임라인 (2027년 추진안)
A2: 2023년 수행 실적 기준으로 2027년 일정 수립 · D-Day = OTP 교체 시작일
A3: D-day 기준일(OTP 교체 시작) | D3: 46503 | E3: ← 기준일·2027 계획일(노란 칸)을 고치면 D-day·간트 자동 반영 / 영업일 D-day는 "공휴일" 시트 반영
L4: 2027 주간 일정 (월요일 기준)
A5: No | B5: 단계 | C5: 2023 수행 내용 | D5: 2023 일정 | E5: 2023 D-Day | F5: 2027 계획일 | G5: D-day (달력일) | H5: D-day (영업일) | I5: 2027 추진내용(안) | J5: 담당·협의부서 | K5: 비고 | L5: 46384 | M5: 46391 | N5: 46398 | O5: 46405 | P5: 46412 | Q5: 46419 | R5: 46426 | S5: 46433 | T5: 46440 | U5: 46447 | V5: 46454 | W5: 46461 | X5: 46468 | Y5: 46475 | Z5: 46482 | AA5: 46489 | AB5: 46496 | AC5: 46503 | AD5: 46510 | AE5: 46517 | AF5: 46524 | AG5: 46531 | AH5: 46538 | AI5: 46545 | AJ5: 46552 | AK5: 46559 | AL5: 46566 | AM5: 46573
A6: 1 | B6: ITMS | C6: OTP 발급 예상 수량 산정을 위해 폐기 예정 OTP 수량 확인 | D6: 45040 | E6: D-93 | G6: =IF(F6="","",IF($D$3-F6>0,"D-"&($D$3-F6),IF($D$3=F6,"D-Day","D+"&(F6-$D$3)))) | H6: =IF(F6="","",IF(F6<$D$3,"D-"&(NETWORKDAYS(F6,$D$3,공휴일!$A$4:$A$30)-1),IF(F6=$D$3,"D-Day","D+"&(NETWORKDAYS($D$3,F6,공휴일!$A$4:$A$30)-1)))) | K6: 2027 일정 미정
A7: 2 | B7: ITMS | C7: OTP 구매 수량 산정을 위한 OTP 수량 확인 | D7: 45049 | E7: D-84 | F7: 46419 | G7: =IF(F7="","",IF($D$3-F7>0,"D-"&($D$3-F7),IF($D$3=F7,"D-Day","D+"&(F7-$D$3)))) -> D-84 | H7: =IF(F7="","",IF(F7<$D$3,"D-"&(NETWORKDAYS(F7,$D$3,공휴일!$A$4:$A$30)-1),IF(F7=$D$3,"D-Day","D+"&(NETWORKDAYS($D$3,F7,공휴일!$A$4:$A$30)-1)))) -> D-57 | I7: 구매 수량 산정을 위한 OTP 수량 작업의뢰
A8: 3 | B8: 예산 | C8: 예산추가배정 신청(전산업무비) | D8: 45065 | E8: 별도 | F8: 46387 | G8: =IF(F8="","",IF($D$3-F8>0,"D-"&($D$3-F8),IF($D$3=F8,"D-Day","D+"&(F8-$D$3)))) -> D-116 | H8: =IF(F8="","",IF(F8<$D$3,"D-"&(NETWORKDAYS(F8,$D$3,공휴일!$A$4:$A$30)-1),IF(F8=$D$3,"D-Day","D+"&(NETWORKDAYS($D$3,F8,공휴일!$A$4:$A$30)-1)))) -> D-78 | I8: OTP 예산 별도 신청 | K8: 원본 "2026년 말" → 12.31로 임시 입력
A9: 4 | B9: 기획 | C9: 일괄교체(안) 통보 | D9: 45070 | E9: D-63 | F9: 46440 | G9: =IF(F9="","",IF($D$3-F9>0,"D-"&($D$3-F9),IF($D$3=F9,"D-Day","D+"&(F9-$D$3)))) -> D-63 | H9: =IF(F9="","",IF(F9<$D$3,"D-"&(NETWORKDAYS(F9,$D$3,공휴일!$A$4:$A$30)-1),IF(F9=$D$3,"D-Day","D+"&(NETWORKDAYS($D$3,F9,공휴일!$A$4:$A$30)-1)))) -> D-44 | I9: 내부 기안
A10: 5 | B10: 구매 | C10: 구입안 통보 | D10: 45071 | E10: D-62 | F10: 46441 | G10: =IF(F10="","",IF($D$3-F10>0,"D-"&($D$3-F10),IF($D$3=F10,"D-Day","D+"&(F10-$D$3)))) -> D-62 | H10: =IF(F10="","",IF(F10<$D$3,"D-"&(NETWORKDAYS(F10,$D$3,공휴일!$A$4:$A$30)-1),IF(F10=$D$3,"D-Day","D+"&(NETWORKDAYS($D$3,F10,공휴일!$A$4:$A$30)-1)))) -> D-43 | I10: 총무팀 입찰 기안 통보 (계약 의뢰부터 체결까지 약 40일) | J10: 총무팀
A11: 6 | B11: 교육 | C11: 컨택센터 교육실시(안), 업무처리방법 통보 | D11: 45096 | E11: D-37 | F11: 46465 | G11: =IF(F11="","",IF($D$3-F11>0,"D-"&($D$3-F11),IF($D$3=F11,"D-Day","D+"&(F11-$D$3)))) -> D-38 | H11: =IF(F11="","",IF(F11<$D$3,"D-"&(NETWORKDAYS(F11,$D$3,공휴일!$A$4:$A$30)-1),IF(F11=$D$3,"D-Day","D+"&(NETWORKDAYS($D$3,F11,공휴일!$A$4:$A$30)-1)))) -> D-26
A12: 7 | B12: 교육 | C12: 컨택센터 교육 실시 | D12: 45104 | E12: D-29 | F12: 46472 | G12: =IF(F12="","",IF($D$3-F12>0,"D-"&($D$3-F12),IF($D$3=F12,"D-Day","D+"&(F12-$D$3)))) -> D-31 | H12: =IF(F12="","",IF(F12<$D$3,"D-"&(NETWORKDAYS(F12,$D$3,공휴일!$A$4:$A$30)-1),IF(F12=$D$3,"D-Day","D+"&(NETWORKDAYS($D$3,F12,공휴일!$A$4:$A$30)-1)))) -> D-21 | I12: 서울 컨택센터 교육
A13: 8 | B13: 교육 | C13: 부산업무센터 교육실시(안) 통보 | D13: 45104 | E13: D-29 | F13: 46475 | G13: =IF(F13="","",IF($D$3-F13>0,"D-"&($D$3-F13),IF($D$3=F13,"D-Day","D+"&(F13-$D$3)))) -> D-28 | H13: =IF(F13="","",IF(F13<$D$3,"D-"&(NETWORKDAYS(F13,$D$3,공휴일!$A$4:$A$30)-1),IF(F13=$D$3,"D-Day","D+"&(NETWORKDAYS($D$3,F13,공휴일!$A$4:$A$30)-1)))) -> D-20
A14: 9 | B14: 교육 | C14: 컨택센터 교육 결과보고 | D14: 45106 | E14: D-27 | F14: 46476 | G14: =IF(F14="","",IF($D$3-F14>0,"D-"&($D$3-F14),IF($D$3=F14,"D-Day","D+"&(F14-$D$3)))) -> D-27 | H14: =IF(F14="","",IF(F14<$D$3,"D-"&(NETWORKDAYS(F14,$D$3,공휴일!$A$4:$A$30)-1),IF(F14=$D$3,"D-Day","D+"&(NETWORKDAYS($D$3,F14,공휴일!$A$4:$A$30)-1)))) -> D-19
A15: 10 | B15: 계약 | C15: 계약서 체결 | D15: 45107 | E15: D-26 | F15: 46477 | G15: =IF(F15="","",IF($D$3-F15>0,"D-"&($D$3-F15),IF($D$3=F15,"D-Day","D+"&(F15-$D$3)))) -> D-26 | H15: =IF(F15="","",IF(F15<$D$3,"D-"&(NETWORKDAYS(F15,$D$3,공휴일!$A$4:$A$30)-1),IF(F15=$D$3,"D-Day","D+"&(NETWORKDAYS($D$3,F15,공휴일!$A$4:$A$30)-1)))) -> D-18 | I15: 계약서 체결 | J15: 총무팀
A16: 11 | B16: 공지 | C16: 세이프 공지 | D16: 45110 | E16: D-23 | F16: 46478 | G16: =IF(F16="","",IF($D$3-F16>0,"D-"&($D$3-F16),IF($D$3=F16,"D-Day","D+"&(F16-$D$3)))) -> D-25 | H16: =IF(F16="","",IF(F16<$D$3,"D-"&(NETWORKDAYS(F16,$D$3,공휴일!$A$4:$A$30)-1),IF(F16=$D$3,"D-Day","D+"&(NETWORKDAYS($D$3,F16,공휴일!$A$4:$A$30)-1)))) -> D-17 | I16: 세이프 공지
A17: 12 | B17: ITMS | C17: OTP 소지자 메일 주소 추출 요청 | D17: 45110 | E17: D-23 | F17: 46478 | G17: =IF(F17="","",IF($D$3-F17>0,"D-"&($D$3-F17),IF($D$3=F17,"D-Day","D+"&(F17-$D$3)))) -> D-25 | H17: =IF(F17="","",IF(F17<$D$3,"D-"&(NETWORKDAYS(F17,$D$3,공휴일!$A$4:$A$30)-1),IF(F17=$D$3,"D-Day","D+"&(NETWORKDAYS($D$3,F17,공휴일!$A$4:$A$30)-1)))) -> D-17 | I17: 메일 안내 주소 추출 | K17: 23년 실제 송부 여부 확인 불가
A18: 13 | B18: 교육 | C18: 부산업무센터 교육 실시 | D18: 45111 | E18: D-22 | F18: 46479 | G18: =IF(F18="","",IF($D$3-F18>0,"D-"&($D$3-F18),IF($D$3=F18,"D-Day","D+"&(F18-$D$3)))) -> D-24 | H18: =IF(F18="","",IF(F18<$D$3,"D-"&(NETWORKDAYS(F18,$D$3,공휴일!$A$4:$A$30)-1),IF(F18=$D$3,"D-Day","D+"&(NETWORKDAYS($D$3,F18,공휴일!$A$4:$A$30)-1)))) -> D-16 | I18: 부산고객센터 교육
A19: 14 | B19: 계약 | C19: 계약서 통보 | D19: 45117 | E19: D-16 | F19: 46486 | G19: =IF(F19="","",IF($D$3-F19>0,"D-"&($D$3-F19),IF($D$3=F19,"D-Day","D+"&(F19-$D$3)))) -> D-17 | H19: =IF(F19="","",IF(F19<$D$3,"D-"&(NETWORKDAYS(F19,$D$3,공휴일!$A$4:$A$30)-1),IF(F19=$D$3,"D-Day","D+"&(NETWORKDAYS($D$3,F19,공휴일!$A$4:$A$30)-1)))) -> D-11 | I19: 계약서 통보 | J19: 총무팀 | K19: 입찰 기안(2.23)부터 46일 해당
A20: 15 | B20: 교육 | C20: 부산업무센터 교육 결과보고 | D20: 45120 | E20: D-13 | F20: 46490 | G20: =IF(F20="","",IF($D$3-F20>0,"D-"&($D$3-F20),IF($D$3=F20,"D-Day","D+"&(F20-$D$3)))) -> D-13 | H20: =IF(F20="","",IF(F20<$D$3,"D-"&(NETWORKDAYS(F20,$D$3,공휴일!$A$4:$A$30)-1),IF(F20=$D$3,"D-Day","D+"&(NETWORKDAYS($D$3,F20,공휴일!$A$4:$A$30)-1)))) -> D-9
A21: 16 | B21: 시스템 | C21: OTP정보생성 및 테스트 | D21: 45126 | E21: D-7 | F21: 46496 | G21: =IF(F21="","",IF($D$3-F21>0,"D-"&($D$3-F21),IF($D$3=F21,"D-Day","D+"&(F21-$D$3)))) -> D-7 | H21: =IF(F21="","",IF(F21<$D$3,"D-"&(NETWORKDAYS(F21,$D$3,공휴일!$A$4:$A$30)-1),IF(F21=$D$3,"D-Day","D+"&(NETWORKDAYS($D$3,F21,공휴일!$A$4:$A$30)-1)))) -> D-5 | I21: OTP정보생성 및 테스트 | J21: IT표준화팀
A22: 17 | B22: 시행 | C22: OTP 교체 시작 (45영업일 실시) | D22: 45133 | E22: D-Day | F22: 46503 | G22: =IF(F22="","",IF($D$3-F22>0,"D-"&($D$3-F22),IF($D$3=F22,"D-Day","D+"&(F22-$D$3)))) -> D-Day | H22: =IF(F22="","",IF(F22<$D$3,"D-"&(NETWORKDAYS(F22,$D$3,공휴일!$A$4:$A$30)-1),IF(F22=$D$3,"D-Day","D+"&(NETWORKDAYS($D$3,F22,공휴일!$A$4:$A$30)-1)))) -> D-Day | I22: OTP 교체 시작 (45영업일 실시) | K22: D-Day
A23: 18 | B23: ITMS | C23: 일괄교체를 수행하지 않은 OTP 소지자 명단 추출 | D23: 45169 | E23: D+36 | F23: 46539 | G23: =IF(F23="","",IF($D$3-F23>0,"D-"&($D$3-F23),IF($D$3=F23,"D-Day","D+"&(F23-$D$3)))) -> D+36 | H23: =IF(F23="","",IF(F23<$D$3,"D-"&(NETWORKDAYS(F23,$D$3,공휴일!$A$4:$A$30)-1),IF(F23=$D$3,"D-Day","D+"&(NETWORKDAYS($D$3,F23,공휴일!$A$4:$A$30)-1)))) -> D+24
A24: 19 | B24: 시행 | C24: OTP 교체 마감 | D24: 45196 | E24: D+63 | F24: 46568 | G24: =IF(F24="","",IF($D$3-F24>0,"D-"&($D$3-F24),IF($D$3=F24,"D-Day","D+"&(F24-$D$3)))) -> D+65 | H24: =IF(F24="","",IF(F24<$D$3,"D-"&(NETWORKDAYS(F24,$D$3,공휴일!$A$4:$A$30)-1),IF(F24=$D$3,"D-Day","D+"&(NETWORKDAYS($D$3,F24,공휴일!$A$4:$A$30)-1)))) -> D+45 | I24: OTP 교체 마감 | K24: 45영업일 검증 → 아래 체크 참조
A25: 20 | B25: ITMS | C25: 실물 및 가상 OTP 일괄 폐기 요청 | D25: 45203 | E25: D+70 | F25: 46573 | G25: =IF(F25="","",IF($D$3-F25>0,"D-"&($D$3-F25),IF($D$3=F25,"D-Day","D+"&(F25-$D$3)))) -> D+70 | H25: =IF(F25="","",IF(F25<$D$3,"D-"&(NETWORKDAYS(F25,$D$3,공휴일!$A$4:$A$30)-1),IF(F25=$D$3,"D-Day","D+"&(NETWORKDAYS($D$3,F25,공휴일!$A$4:$A$30)-1)))) -> D+48 | I25: 남은 만료 OTP 폐기 요청
A27: 교체기간 검증
A28: OTP 교체 시작~마감 영업일 수 | F28: =NETWORKDAYS(F22,F24,공휴일!$A$4:$A$30) -> 46 | I28: =IF(F28=45,"45영업일 일치","45영업일과 "&(F28-45)&"일 차이 → 마감일 확인 필요") -> 45영업일과 1일 차이 → 마감일 확인 필요
A29: 45영업일째 날짜(공휴일 반영) | F29: =WORKDAY(F22,44,공휴일!$A$4:$A$30) -> 46567
A30: (참고) 2023년 교체기간 영업일 | F30: =NETWORKDAYS(D22,D24,공휴일!$C$4:$C$10) -> 45 | I30: 2023.7.26~9.27 (8.15, 9.28~29 제외)
A32: 고려사항
A33: 1. 인턴 채용기간 (1월 발령 목표, 6개월 → 1~7월 예상)
A34: 2. 총무부 입찰 공고 일정 (총무부 교육자료: 2천만원 이상은 8~12주 前 계약의뢰 권고, 일반 입찰 공고 40일 이상 / 긴급입찰 10일)
A35: ※ 간트: 파란색 = 해당 주 일정, 빨간색 = 시행(교체 시작·마감), 연주황 열 = OTP 교체기간

Sheet 공휴일
A1: 공휴일 목록 (영업일 계산용) — 확정 공휴일·대체공휴일은 사내 휴무일 기준으로 확인 후 수정
A3: 2027 날짜 | B3: 명칭 | C3: 2023 날짜 | D3: 명칭
A4: 46388 | B4: 신정 | C4: 45153 | D4: 광복절
A5: 46426 | B5: 설날 연휴 | C5: 45197 | D5: 추석 연휴
A6: 46427 | B6: 설날 대체공휴일 | C6: 45198 | D6: 추석
A7: 46447 | B7: 삼일절
A8: 46508 | B8: 근로자의 날(사내 휴무 여부 확인)
A9: 46512 | B9: 어린이날
A10: 46520 | B10: 부처님오신날(날짜 확인)
A11: 46615 | B11: 광복절 대체공휴일
A12: 46644 | B12: 추석 연휴
A13: 46645 | B13: 추석
A14: 46646 | B14: 추석 연휴
A15: 46664 | B15: 개천절 대체공휴일
A16: 46671 | B16: 한글날 대체공휴일
A17: 46748 | B17: 성탄절 대체공휴일
